# WALP 개념 사전 v0.2 — 낱말 → 개념. 파서의 문법어(조사·채움말·부정·조건)는 코드에 있고,
# 여기는 **내용어**(색·브랜드·물체·구역·수식어)만 둔다. 코어는 파일을 안 읽는다 — 호스트가
# 이 파일을 KnowledgeBase(고정 크기)로 올려 파서에 넘긴다.
#
# 이 파일은 novel 평가 문장(eval/novel_corpus.tsv)을 **보기 전에** 커밋됐다. 평가 뒤에 여기에
# 낱말을 더하면 그 뒤의 수는 held-out 이 아니다 — RESULTS 에 따로 적는다.
#
# 칸: word,cat,concepts,relation,conf
#   cat       color | brand | brandcard | object | zone | modifier
#   concepts  개념 이름. 상위어(hyper)는 '|' 로 여럿 — 여럿이면 해석이 AMBIGUOUS 가 된다
#   relation  canon(기준어) syn(동의어) near(유사어: 경계가 흐리다) hypo(하위어: 대상이 좁다)
#             hyper(상위어: 여럿 중 하나) mod(수식어: 목표를 안 바꾼다)
#   conf      0..100. 해석 신뢰도 = 쓰인 낱말의 최솟값. 75 미만이면 받지 않는다
#
# ---- 색
blue,color,blue,canon,100
파란,color,blue,canon,100
파랑,color,blue,canon,100
파란색,color,blue,canon,100
파랑색,color,blue,canon,100
청색,color,blue,syn,95
푸른,color,blue,syn,95
푸른색,color,blue,syn,95
파래,color,blue,syn,95
블루,color,blue,syn,95
navy,color,blue,near,80
azure,color,blue,near,85
cobalt,color,blue,near,85
sapphire,color,blue,near,80
sky-blue,color,blue,near,85
하늘색,color,blue,near,85
남색,color,blue,near,80
곤색,color,blue,near,80
감색,color,blue,near,75
코발트,color,blue,near,85
네이비,color,blue,near,80
teal,color,blue|green,hyper,60
turquoise,color,blue|green,hyper,60
cyan,color,blue|green,hyper,60
청록,color,blue|green,hyper,60
청록색,color,blue|green,hyper,60
red,color,red,canon,100
빨간,color,red,canon,100
빨강,color,red,canon,100
빨간색,color,red,canon,100
빨강색,color,red,canon,100
붉은,color,red,syn,95
붉은색,color,red,syn,95
적색,color,red,syn,95
레드,color,red,syn,95
새빨간,color,red,syn,95
시뻘건,color,red,syn,90
crimson,color,red,near,85
scarlet,color,red,near,85
ruby,color,red,near,80
cherry,color,red,near,80
maroon,color,red,near,75
burgundy,color,red,near,75
진홍,color,red,near,85
진홍색,color,red,near,85
다홍,color,red,near,80
다홍색,color,red,near,80
green,color,green,canon,100
초록,color,green,canon,100
초록색,color,green,canon,100
녹색,color,green,canon,100
그린,color,green,syn,95
초록빛,color,green,syn,95
풀색,color,green,syn,90
emerald,color,green,near,85
jade,color,green,near,80
lime,color,green,near,80
연두,color,green,near,80
연두색,color,green,near,80
에메랄드,color,green,near,85
black,color,black,canon,100
검은,color,black,canon,100
검정,color,black,canon,100
검정색,color,black,canon,100
검은색,color,black,canon,100
까만,color,black,canon,100
까만색,color,black,canon,100
흑색,color,black,syn,95
블랙,color,black,syn,95
새까만,color,black,syn,95
시커먼,color,black,syn,90
jet-black,color,black,near,90
ebony,color,black,near,85
onyx,color,black,near,80
# ---- 브랜드
visa,brand,visa,canon,100
비자,brand,visa,canon,100
master,brand,master,canon,100
마스터,brand,master,canon,100
mastercard,brandcard,master,canon,100
마스터카드,brandcard,master,canon,100
비자카드,brandcard,visa,canon,100
# ---- 물체
card,object,card,canon,100
cards,object,card,canon,100
카드,object,card,canon,100
신용카드,object,card,hypo,85
체크카드,object,card,hypo,85
교통카드,object,card,hypo,85
key,object,key,canon,100
keys,object,key,canon,100
열쇠,object,key,canon,100
키,object,key,canon,100
fob,object,key,hypo,80
keyfob,object,key,hypo,80
keyring,object,key,hypo,75
차키,object,key,hypo,85
자동차키,object,key,hypo,85
현관키,object,key,hypo,85
열쇠고리,object,key,hypo,75
cup,object,cup,canon,100
cups,object,cup,canon,100
컵,object,cup,canon,100
mug,object,cup,hypo,90
mugs,object,cup,hypo,90
teacup,object,cup,hypo,90
tumbler,object,cup,hypo,85
머그,object,cup,hypo,90
머그컵,object,cup,hypo,90
텀블러,object,cup,hypo,85
찻잔,object,cup,hypo,90
종이컵,object,cup,hypo,90
잔,object,cup,hypo,80
box,object,box,canon,100
boxes,object,box,canon,100
상자,object,box,canon,100
박스,object,box,canon,100
crate,object,box,hypo,85
carton,object,box,hypo,85
궤짝,object,box,hypo,85
택배상자,object,box,hypo,90
종이상자,object,box,hypo,90
container,object,cup|box,hyper,60
vessel,object,cup|box,hyper,60
용기,object,cup|box,hyper,60
통,object,cup|box,hyper,60
# ---- 구역
desk,zone,desk,canon,100
desks,zone,desk,canon,100
책상,zone,desk,canon,100
데스크,zone,desk,syn,95
workstation,zone,desk,near,80
shelf,zone,shelf,canon,100
shelves,zone,shelf,canon,100
선반,zone,shelf,canon,100
책장,zone,shelf,near,85
bookshelf,zone,shelf,near,85
bookcase,zone,shelf,near,85
rack,zone,shelf,near,80
counter,zone,counter,canon,100
counters,zone,counter,canon,100
카운터,zone,counter,canon,100
계산대,zone,counter,syn,90
조리대,zone,counter,near,80
worktop,zone,counter,near,80
floor,zone,floor,canon,100
바닥,zone,floor,canon,100
마룻바닥,zone,floor,syn,95
ground,zone,floor,near,80
table,zone,desk|counter,hyper,60
tables,zone,desk|counter,hyper,60
탁자,zone,desk|counter,hyper,60
테이블,zone,desk|counter,hyper,60
진열대,zone,shelf|counter,hyper,60
# ---- 수식어(목표를 바꾸지 않는다. 사전에 있어야 '아는 말'이 된다)
drinking,modifier,-,mod,90
coffee,modifier,-,mod,90
tea,modifier,-,mod,90
credit,modifier,-,mod,90
debit,modifier,-,mod,90
bank,modifier,-,mod,85
plastic,modifier,-,mod,90
paper,modifier,-,mod,90
metal,modifier,-,mod,90
wooden,modifier,-,mod,90
cardboard,modifier,-,mod,90
small,modifier,-,mod,95
little,modifier,-,mod,95
tiny,modifier,-,mod,95
big,modifier,-,mod,95
large,modifier,-,mod,95
old,modifier,-,mod,95
car,modifier,-,mod,90
house,modifier,-,mod,90
door,modifier,-,mod,90
front,modifier,-,mod,90
dark,modifier,-,mod,85
light,modifier,-,mod,85
bright,modifier,-,mod,85
sky,modifier,-,mod,85
작은,modifier,-,mod,95
조그만,modifier,-,mod,95
큰,modifier,-,mod,95
커다란,modifier,-,mod,95
낡은,modifier,-,mod,95
새,modifier,-,mod,85
종이,modifier,-,mod,90
플라스틱,modifier,-,mod,90
나무,modifier,-,mod,90
커피,modifier,-,mod,90
자동차,modifier,-,mod,90
신용,modifier,-,mod,90
진한,modifier,-,mod,85
짙은,modifier,-,mod,85
연한,modifier,-,mod,85
밝은,modifier,-,mod,85
어두운,modifier,-,mod,85
